No,telecom,user,product_name,description,mobile_generation,origin_price,monthly_discount_price,data_amount,sharing_data_amount,speed_after_data_consumption,video_call_amount,voice_amount,message_amount,additional_benefit
1,KT,만 34세 이하,5G Y 스페셜,"데이터 무제한, 음성/문자 기본제공 혜택의 5G 순액 요금제",5G,100000,75000,무제한,50GB,속도제어 없음,300분,기본 제공,기본 제공,"1. 스마트기기 할인 100% 또는 5G 데이쉐어링 할인(택1) 2. 로밍 데이터 무제한(최대 1Mbps, 일 1GB 초과시 최대 200Kbps)"
2,KT,만 34세 이하,5G Y 베이직,"데이터 무제한, 음성/문자 기본제공 혜택의 5G 순액 요금제",5G,80000,60000,무제한,40GB,속도제어 없음,300분,기본 제공,기본 제공,"1. 스마트기기 50% 할인(1회선) 2. 로밍 데이터 무제한(최대 1Mbps, 일 1GB 초과시 최대 200Kbps)"
3,KT,만 34세 이하,5G Y 슬림 14GB,"데이터 무제한, 음성/문자 기본제공 혜택의 5G 순액 요금제, 5G 데이터를 합리적인 가격으로 사용할 수 있는 5G 슬림, Y는 데이터가 2배! KT 영타겟 브랜드 Y에서 5G 고객에게 제공하는 특별한 혜택",5G,55000,41250,14GB,기본 데이터 이용,최대 1Mbps 속도 제어,300분,기본 제공,기본 제공,로밍 톡 무제한(최대 100Kbps)
4,KT,만 34세 이하,Y데이터ON 프리미엄,데이터 때문에 초과요금 걱정 안해도 되는 데이터ON 요금제,LTE,89000,66750,무제한(UHD급 재생속도),50GB,속도 제어 없음,300분,집/이동전화 무제한,기본 제공,"1. 필수팩L3 무료 2. 단말기 보험 가능(최대 4,500P) 3. 스마트기기 100% 할인(1회선) 4.멤버십 VIP제공"
5,KT,만 34세 이하,Y데이터ON 비디오 플러스,데이터 때문에 초과요금 걱정 안해도 되는 데이터ON 요금제,LTE,69000,51750,110GB,기본 데이터 이용,최대 5Mbps 속도 제어,300분,집/이동전화 무제한,기본 제공,필수팩 L3(지니/밀리) 50% 할인
6,KT,만 34세 이하,Y 베이직,"저가 요금제의 데이터 혜택을 기존 데이터 선택 대비 6.6배, LTE 베이직 요금제보다 1.4배 확대한 요금제",LTE,33000,24750,2.5GB(밀당),기본 데이터 이용,데이터 초과 요금 상한 자동가입,300분,집/이동전화 무제한,기본 제공,
7,KT,만 65세 이상,5G 시니어 베이직,"데이터 무제한, 음성/문자 기본제공되는 5G 순액 어르신 요금제",5G,49000,36750,15GB,기본 데이터 이용,최대 1Mbps 속도 제어,400분,기본제공(FUP적용),기본제공(FUP적용),KT안심박스(무료)
8,KT,만 65세 이상,5G 시니어 A형,"데이터 무제한, 음성/문자 기본제공되는 5G 순액 어르신 요금제",5G,44000,33000,10GB,기본 데이터 이용,최대 1Mbps 속도 제어,400분,기본제공(FUP적용),기본제공(FUP적용),KT안심박스(무료)
9,KT,만 75세 이상,5G 시니어 B형,"데이터 무제한, 음성/문자 기본제공되는 5G 순액 어르신 요금제",5G,42000,31500,9GB,기본 데이터 이용,최대 1Mbps 속도 제어,400분,기본제공(FUP적용),기본제공(FUP적용),KT안심박스(무료)
10,KT,만 80세 이상,5G 시니어 C형,"데이터 무제한, 음성/문자 기본제공되는 5G 순액 어르신 요금제",5G,41000,30750,8GB,기본 데이터 이용,최대 1Mbps 속도 제어,400분,기본제공(FUP적용),기본제공(FUP적용),KT안심박스(무료)
11,KT,만 65세 이상,시니어 베이직,음성/문자가 기본제공되는 LTE 순액 어르신 요금제,LTE,33000,24750,2GB(밀당),기본 데이터 이용,데이터 초과 요금 상한(복지) 자동가입,100분,기본제공(FUP적용),기본제공(FUP적용),KT안심박스(무료)
12,KT,만 65세 이상,LTE-골든150,LTE 서비스를 사용하는 어르신들 전용 요금제,LTE,16500,12375,300MB,,0.011원/0.5KB,100분(KT모바일),"조절원 13,000원",,KT안심박스(무료)
13,KT,만 65세 이상,순 골든20,LTE 서비스를 사용하는 어르신들 전용 요금제,LTE,22000,16500,500MB,,0.011원/0.5KB,100분(KT모바일),"조절원 20,000원",,KT안심박스(무료)
14,KT,만 65세 이상,효(3G),통화량이 적은 실버 고객층의 이용패턴에 맞추어 음성/문자 제공,3G,9680,7260,,,,30분,30분,30건(SMS/LMS),KT안심박스(무료)
15,KT,만 65세 이상,골든스마트150,취약계층의 이용에 적합하도록 설계한 요금제,3G,16500,12375,300MB,,0.0275원/0.5KB,30분,50분,100건,KT안심박스(무료)
16,KT,만 34세 이하,Y 군인77 Plus,군 장병들의 즐거운 여가시간을 위한 데이터 & 콘텐츠 혜택을 드리는 군인 전용 요금제,LTE,77000,,무제한,"50GB,소진 후 최대 200Kbps로 속도 제어",속도제어 없음,300분,집/이동전화 무제한,기본제공,"1.지니뮤직/밀리의 서재/블라이스 셀렉트 중 2개 선택 2.멤버십 VIP	"
17,KT,만 34세 이하,Y 군인55 Plus,군 장병들의 즐거운 여가시간을 위한 데이터 & 콘텐츠 혜택을 드리는 군인 전용 요금제,LTE,55000,,100GB,"기본 데이터 이용, 소진 후 최대 200Kbps 속도로 지속 이용",5Mbps,300분,집/이동전화 무제한,기본제공,지니뮤직/밀리의 서재/블라이스 셀렉트 중 1개 선택
18,KT,만 34세 이하,Y 군인33,군 장병들의 즐거운 여가시간을 위한 데이터 & 콘텐츠 혜택을 드리는 군인 전용 요금제,LTE,33000,,일 2GB,"기본 데이터 이용, 소진 후 최대 200Kbps 속도로 지속 이용",3Mbps,300분,집/이동전화 무제한,기본제공,필수팩 L3(지니/밀리) 50% 할인
19,SKT,만 34세 이하,0 청년 109(유튜브 프리미엄),무제한 데이터와 0청년 특화 혜택 외 유튜브 프리미엄 멤버십을 제공하는 만 19세 이상 34세 이하 개인고객만 가입 가능한 유튜브 프리미엄 전용 요금제,5G,109000,81720,무제한,120GB,,300분,무제한,기본제공,"T멤버십 VIP, 태블릿/스마트워치 요금할인, 0청년 영화할인, 0청년 로밍할인, 0청년 커피할인, 우주패스(유튜브프리미엄)할인, 갤럭시 AI 클럽 할인"
20,SKT,만 34세 이하,0 청년 109(넷플릭스),무제한 데이터와 0청년 특화 혜택 외 넷플릭스 멤버십을 제공하는 만 19세 이상 34세 이하 개인고객만 가입 가능한 넷플릭스 전용 요금제,5G,109000,81720,무제한,120GB,,300분,무제한,기본 제공,"T멤버십 VIP, 넷플릭스 구독 제공, 태블릿/스마트워치 요금할인, 단말보험할인 ②, 0청년 영화할인, 0청년 로밍할인, 0청년 커피할인, 갤럭시 AI 클럽 할인"
21,SKT,만 34세 이하,0 청년 99(넷플릭스),무제한 데이터와 0청년 특화 혜택 외 넷플릭스 멤버십을 제공하는 만 19세 이상 34세 이하 개인고객만 가입 가능한 넷플릭스 전용 요금제,5G,99000,74250,무제한,100GB,,300분,무제한,기본 제공,"T멤버십 VIP, 넷플릭스 구독 제공, 태블릿/스마트워치 요금할인, 단말보험할인 ①, 0청년 영화할인, 0청년 로밍할인, 0청년 커피할인"
22,SKT,만 34세 이하,0 청년 89(넷플릭스),무제한 데이터와 0청년 특화 혜택 외 넷플릭스 멤버십을 제공하는 만 19세 이상 34세 이하 개인고객만 가입 가능한 넷플릭스 전용 요금제,5G,89000,66725,무제한,80GB,,300분,무제한,기본 제공,"T멤버십 VIP, 넷플릭스 구독 제공, 태블릿/스마트워치 요금할인, 0청년 영화할인, 0청년 로밍할인, 0청년 커피할인"
23,SKT,만 34세 이하,0 청년 다이렉트 69(넷플릭스),무제한 데이터와 0청년 특화 혜택 외 넷플릭스 멤버십을 제공하는 넷플릭스 전용 요금제로 SK텔레콤 공식 온라인 채널인 T다이렉트샵에서 만 19세 이상 34세 이하 개인 고객만 가입 가능한 온라인 전용 무약정 요금제,5G,69000,,무제한,100GB,,300분,무제한,기본 제공,"T멤버십 VIP, 넷플릭스 구독 제공, 태블릿/스마트워치 요금할인, 단말보험할인 ①, 0청년 영화할인, 0청년 로밍할인, 0청년 커피할인"
24,SKT,만 34세 이하,0 청년 다이렉트 62(넷플릭스),무제한 데이터와 0청년 특화 혜택 외 넷플릭스 멤버십을 제공하는 넷플릭스 전용 요금제로 SK텔레콤 공식 온라인 채널인 T다이렉트샵에서 만 19세 이상 34세 이하 개인 고객만 가입 가능한 온라인 전용 무약정 요금제,5G,62000,,무제한,80GB,,300분,무제한,기본 제공,"T멤버십 VIP, 넷플릭스 구독 제공, 태블릿/스마트워치 요금할인, 0청년 영화할인, 0청년 로밍할인, 0청년 커피할인"
25,SKT,만 34세 이하,0 청년 109(디즈니 +),무제한 데이터와 0청년 특화 혜택 외 디즈니 플러스 멤버십을 제공하는 만 19세 이상 34세 이하 개인고객만 가입 가능한 디즈니 플러스 전용 요금제,5G,109000,81720,무제한,120GB,,300분,무제한,기본제공,"T멤버십 VIP, 태블릿/스마트워치 요금할인, 0청년 영화할인, 0청년 로밍할인, 0청년 커피할인, T우주패스 제공(디즈니플러스 옵션 선택 필요), 갤럭시 AI 클럽 할인"
26,SKT,만 34세 이하,0 청년 99(디즈니 +),무제한 데이터와 0청년 특화 혜택 외 디즈니 플러스 멤버십을 제공하는 만 19세 이상 34세 이하 개인고객만 가입 가능한 디즈니 플러스 전용 요금제,5G,99000,74250,무제한,100GB,,300분,무제한,기본제공,"T멤버십 VIP, 태블릿/스마트워치 요금할인, 0청년 영화할인, 0청년 로밍할인, 0청년 커피할인, T우주패스 제공(디즈니플러스 옵션 선택 필요)"
27,SKT,만 34세 이하,0 청년 다이렉트 69(디즈니 +),무제한 데이터와 0청년 특화 혜택 외 디즈니 플러스 멤버십을 제공하는 디즈니 플러스 전용 요금제로 SK텔레콤 공식 온라인 채널인 T다이렉트샵에서 만 19세 이상 34세 이하 개인 고객만 가입 가능한 온라인 전용 무약정 요금제,5G,69000,,무제한,100GB,,300분,무제한,기본제공,"T멤버십 VIP, 태블릿/스마트워치 요금할인, 0청년 영화할인, 0청년 로밍할인, 0청년 커피할인, T우주패스 제공(디즈니플러스 옵션 선택 필요)"
28,SKT,만 34세 이하,0 청년 109(스마트 기기),무제한 데이터와 0청년 특화 혜택 외 스마트 기기 device 할인을 제공하는 만 19세 이상 34세 이하 개인고객만 가입 가능한 스마트 기기 전용 요금제,5G,109000,81720,무제한,120GB,,300분,무제한,기본제공,"T멤버십 VIP, 태블릿/스마트워치 요금할인, 스마트기기 할인팩, 0청년 영화할인, 0청년 로밍할인, 0청년 커피할인, 갤럭시 AI 클럽 할인"
29,SKT,만 34세 이하,0 청년 109(T 우주),무제한 데이터와 0청년 특화 혜택 외 T우주 혜택을 제공하는 만 19세 이상 34세 이하 개인고객만 가입 가능한 스마트 기기 전용 요금제,5G,109000,81720,무제한,100GB,,300분,무제한,기본 제공,"T멤버십 VIP, 태블릿/스마트워치 요금할인, 0청년 영화할인, 0청년 로밍할인, 0청년 커피할인, T우주패스 제공(우주패스 쇼핑/편의점&카페와 플러스 구독 혜택(CU 할인 멤버십, 요기요 혜택팩) 제공)"
30,SKT,만 34세 이하,0 청년 99(T 우주),무제한 데이터와 0청년 특화 혜택 외 T우주 혜택을 제공하는 만 19세 이상 34세 이하 개인고객만 가입 가능한 스마트 기기 전용 요금제,5G,99000,74250,무제한,100GB,,300분,무제한,기본 제공,"T멤버십 VIP, 태블릿/스마트워치 요금할인, 0청년 영화할인, 0청년 로밍할인, 0청년 커피할인, T우주 상품 1개 제공)"
31,SKT,만 34세 이하,0 청년 89,무제한 데이터와 0청년 특화 혜택을 제공하는 만 34세 이하 개인 고객만 가입 가능한 전용 요금제,5G,89000,66725,무제한,80GB,,300분,무제한,기본 제공,"T멤버십 VIP, 태블릿/스마트워치 요금할인, 0청년 영화할인, 0청년 로밍할인, 0청년 커피할인"
32,SKT,만 34세 이하,0 청년 79,월 300GB 데이터와 0청년 특화 혜택을 제공하는 만 34세 이하 개인 고객만 가입 가능한 전용 요금제,5G,79000,59200,300GB,60GB,5Mbps,300분,무제한,기본 제공,"Wavve 2천원 할인, 태블릿/스마트워치 요금할인, 0청년 영화할인, 0청년 로밍할인, 0청년 커피할인"
33,SKT,만 34세 이하,0 청년 69,월 160GB 데이터와 0청년 특화 혜택을 제공하는 만 34세 이하 개인 고객만 가입 가능한 전용 요금제,5G,69000,51730,160GB,50GB,5Mbps,300분,무제한,기본 제공,"Wavve 2천원 할인, 0청년 영화할인, 0청년 로밍할인, 0청년 커피할인"
34,SKT,만 34세 이하,0 청년 59 100GB 업,매월 36GB 데이터를 제공하는 0 청년 59 요금제에서 충전 데이터 100GB를 더 제공하는 데이터 맞춤형 요금제,5G,68000,50950,136GB,36GB,1Mbps,300분,무제한,기본 제공,"Wavve 2천원 할인, 0청년 영화할인, 0청년 로밍할인, 0청년 커피할인"
35,SKT,만 34세 이하,0 청년 59 60GB 업,매월 36GB 데이터를 제공하는 0 청년 59 요금제에서 충전 데이터 60GB를 더 제공하는 데이터 맞춤형 요금제,5G,66000,49500,96GB,36GB,1Mbps,300분,무제한,기본 제공,"Wavve 2천원 할인, 0청년 영화할인, 0청년 로밍할인, 0청년 커피할인"
36,SKT,만 34세 이하,0 청년 59 36GB 업,매월 36GB 데이터를 제공하는 0 청년 59 요금제에서 충전 데이터 36GB를 더 제공하는 데이터 맞춤형 요금제,5G,64000,47995,72GB,36GB,1Mbps,300분,무제한,기본 제공,"Wavve 2천원 할인, 0청년 영화할인, 0청년 로밍할인, 0청년 커피할인"
37,SKT,만 34세 이하,0 청년 59 15GB 업,매월 36GB 데이터를 제공하는 0 청년 59 요금제에서 충전 데이터 15GB를 더 제공하는 데이터 맞춤형 요금제,5G,62000,46490,51GB,36GB,1Mbps,300분,무제한,기본 제공,"Wavve 2천원 할인, 0청년 영화할인, 0청년 로밍할인, 0청년 커피할인"
38,SKT,만 34세 이하,0 청년 59,월 36GB 데이터와 0청년 특화 혜택을 제공하는 만 34세 이하 개인 고객만 가입 가능한 전용 요금제,5G,59000,44205,36GB,36GB,1Mbps,300분,무제한,기본 제공,"Wavve 2천원 할인, 0청년 영화할인, 0청년 로밍할인, 0청년 커피할인"
39,SKT,만 34세 이하,0 청년 49,월 15GB 데이터와 0청년 특화 혜택을 제공하는 만 34세 이하 개인 고객만 가입 가능한 전용 요금제,5G,49000,36735,15GB,15GB,400Kbps,300분,무제한,기본 제공,"Wavve 2천원 할인, 0청년 영화할인, 0청년 로밍할인, 0청년 커피할인"
40,SKT,만 34세 이하,0 청년 43,월 8GB 데이터와 0청년 특화 혜택을 제공하는 만 34세 이하 개인 고객만 가입 가능한 전용 요금제,5G,43000,32220,8GB,8GB,400Kbps,300분,무제한,기본 제공,"Wavve 2천원 할인, 0청년 영화할인, 0청년 로밍할인, 0청년 커피할인"
41,SKT,만 34세 이하,0 청년 37,월 6GB 데이터와 0청년 특화 혜택을 제공하는 만 34세 이하 개인 고객만 가입 가능한 전용 요금제,5G,37000,27705,6GB,6GB,400Kbps,300분,무제한,기본 제공,"Wavve 2천원 할인, 0청년 영화할인, 0청년 로밍할인, 0청년 커피할인"
42,SKT,만 34세 이하,0 청년 다이렉트 69(T 우주),무제한 데이터와 0청년 특화 혜택을 제공하는 SK텔레콤 공식 온라인 채널인 T다이렉트샵에서 만 34세 이하 개인 고객만 가입 가능한 온라인 전용 무약정 요금제,5G,69000,69000,무제한,100GB,,300분,무제한,기본 제공,"T멤버십 VIP, 태블릿/스마트워치 요금할인, 0청년 영화할인, 0청년 로밍할인, 0청년 커피할인, T우주 상품 1개 제공)"
43,SKT,만 34세 이하,0 청년 다이렉트 62,무제한 데이터와 0청년 특화 혜택을 제공하는 SK텔레콤 공식 온라인 채널인 T다이렉트샵에서 만 34세 이하 개인 고객만 가입 가능한 온라인 전용 무약정 요금제,5G,62000,62000,무제한,80GB,,300분,무제한,기본 제공,"T멤버십 VIP, 태블릿/스마트워치 요금할인, 0청년 영화할인, 0청년 로밍할인, 0청년 커피할인"
44,SKT,만 34세 이하,0 청년 다이렉트 55,월 300GB 데이터와 0청년 특화 혜택을 제공하는 SK텔레콤 공식 온라인 채널인 T다이렉트샵에서 만 34세 이하 개인 고객만 가입 가능한 온라인 전용 무약정 요금제,5G,55000,55000,300GB,60GB,5Mbps,300분,무제한,기본 제공,"Wavve 2천원 할인, 태블릿/스마트워치 요금할인"
45,SKT,만 34세 이하,0 청년 다이렉트 48,월 160GB 데이터와 0청년 특화 혜택을 제공하는 SK텔레콤 공식 온라인 채널인 T다이렉트샵에서 만 34세 이하 개인 고객만 가입 가능한 온라인 전용 무약정 요금제,5G,48000,48000,160GB,50GB,5Mbps,300분,무제한,기본 제공,Wavve 2천원 할인
46,SKT,만 34세 이하,0 청년 다이렉트 42,월 36GB 데이터와 0청년 특화 혜택을 제공하는 SK텔레콤 공식 온라인 채널인 T다이렉트샵에서 만 34세 이하 개인 고객만 가입 가능한 온라인 전용 무약정 요금제,5G,42000,42000,36GB,36GB,1Mbps,300분,무제한,기본 제공,Wavve 2천원 할인
47,SKT,만 34세 이하,0 청년 다이렉트 34,월 15GB 데이터와 0청년 특화 혜택을 제공하는 SK텔레콤 공식 온라인 채널인 T다이렉트샵에서 만 34세 이하 개인 고객만 가입 가능한 온라인 전용 무약정 요금제,5G,34000,34000,15GB,15GB,400Kbps,300분,무제한,기본 제공,Wavve 2천원 할인
48,SKT,만 34세 이하,0 청년 다이렉트 30,월 8GB 데이터와 0청년 특화 혜택을 제공하는 SK텔레콤 공식 온라인 채널인 T다이렉트샵에서 만 34세 이하 개인 고객만 가입 가능한 온라인 전용 무약정 요금제,5G,30000,30000,8GB,8GB,400Kbps,300분,무제한,기본 제공,Wavve 2천원 할인
49,SKT,만 34세 이하,0 플랜 스몰,매월 2GB 데이터는 물론 0플랜 가입자만을 위하여 특별한 데이터 혜택을 제공하는 만 34세 이하 개인고객만 가입 가능한 요금제,LTE,33000,24750,2GB,2GB,400Kbps,100분,무제한,기본 제공,
50,SKT,만 34세 이하,0 플랜 슈퍼 히어로,"군장병의 휴대폰전화 사용 패턴에 최적화된 데이터 혜택(평일 18~22시, 주말/휴일 데이터 혜택)과 T멤버십 VIP 혜택 등을 제공하는 군인 전용 요금제",LTE,55000,41250,100GB,40GB,5Mbps,300분,무제한,기본 제공,
51,SKT,만 34세 이하,0 플랜 히어로,"군장병의 휴대폰전화 사용 패턴에 최적화된 데이터 혜택(평일 18~22시, 주말/휴일 데이터 혜택)을 제공하는 군인 전용 요금제",LTE,33000,24750,6GB,6GB,1Mbps,300분,무제한,기본 제공,
52,SKT,만 18세 이하,0 틴 5G,매월 데이터 9GB를 제공하는 만 18세 이하 청소년 고객이 가입 가능한 전용 요금제,5G,45000,33725,9GB,9GB,1Mbps,300분,무제한,기본 제공,
53,SKT,만 18세 이하,0 틴 플랜 스몰,매월 2.5GB 데이터를 제공하는 만 18세 이하 개인고객만 가입 가능한 청소년 전용 요금제,5G,33000,24750,2.5GB,2.5GB,400kbps,100분,무제한,기본 제공,
54,SKT,만 65세 이상,5G 시니어 A형,매월 데이터 10GB를 제공하는 만 65세 이상 고객이 가입 가능한 전용 요금제,5G,45000,33725,10GB,10GB,1Mbps,400분,무제한,기본 제공,
55,SKT,만 65세 이상,5G 시니어 B형,매월 데이터 9GB를 제공하는 만 65세 이상 고객이 가입 가능한 전용 요금제,5G,44000,33000,9GB,9GB,1Mbps,400분,무제한,기본 제공,
56,SKT,만 65세 이상,5G 시니어 C형,매월 데이터 8GB를 제공하는 만 65세 이상 고객이 가입 가능한 전용 요금제,5G,42000,31495,8GB,8GB,1Mbps,400분,무제한,기본 제공,
57,SKT,만 65세 이상,T 플랜 시니어 안심 2.8G,매월 데이터 2.8GB를 이용할 수 있으며 가족 간 데이터 공유가 가능한 T가족모아데이터를 이용할 수 있는 만 65세 이상 고객을 위한 전용 요금제,LTE,43000,32220,2.8GB,2.8GB,400Kbps,150분,무제한,기본 제공,
58,SKT,만 65세 이상,T 플랜 시니어 세이브,매월 데이터 1.7GB를 이용할 수 있으며 가족 간 데이터 공유가 가능한 T가족모아데이터를 이용할 수 있는 만 65세 이상 고객을 위한 전용 요금제,LTE,33000,24750,1.7GB,1.7GB,,100분,무제한,기본 제공,
59,SKT,만 65세 이상,T끼리 어르신,1만원대로 스마트폰 이용할 수 있는 만 65세 이상 고객을 위한 전용 요금제,LTE,19800,14850,400MB,400MB,,70분,무제한,기본 제공,
60,SKT,만 65세 이상,뉴 실버 요금제,"통화, 문자 중심의 만 65세 고객을 위한 음성전용 요금제(LTE/5G 스마트폰은 가입 불가)",3G,9900,7425,,,,30분,30분,80건,
61,LGU,만 19세 ~ 34세 이하,유쓰 5G 다이렉트 51(U+ 닷컴 전용),"약정없이 더 저렴한 요금으로 이용할 수 있는 
청년 전용 U+온라인 전용 요금제",5G,51000,39500,210GB,65GB,5Mbps,300분,무제한,기본 제공,
62,LGU,만 19세 ~ 34세 이하,유쓰 5G 다이렉트 47.5(U+ 닷컴 전용),"약정없이 더 저렴한 요금으로 이용할 수 있는 
청년 전용 U+온라인 전용 요금제",5G,47500,36000,135GB,55GB,3Mbps,300분,무제한,기본 제공,
63,LGU,만 19세 ~ 34세 이하,유쓰 5G 다이렉트 46(U+ 닷컴 전용),"약정없이 더 저렴한 요금으로 이용할 수 있는 
청년 전용 U+온라인 전용 요금제",5G,46000,34500,110GB,50GB,1Mbps,300분,무제한,기본 제공,
64,LGU,만 19세 ~ 34세 이하,유쓰 5G 다이렉트 44(U+ 닷컴 전용),"약정없이 더 저렴한 요금으로 이용할 수 있는 
청년 전용 U+온라인 전용 요금제",5G,44000,33000,41GB,41GB,1Mbps,300분,무제한,기본 제공,
65,LGU,만 19세 ~ 34세 이하,유쓰 5G 다이렉트 42(U+ 닷컴 전용),"약정없이 더 저렴한 요금으로 이용할 수 있는 
청년 전용 U+온라인 전용 요금제",5G,42000,31000,36GB,36GB,1Mbps,300분,무제한,기본 제공,
66,LGU,만 19세 ~ 34세 이하,유쓰 5G 다이렉트 37.5(U+ 닷컴 전용),"약정없이 더 저렴한 요금으로 이용할 수 있는 
청년 전용 U+온라인 전용 요금제",5G,37500,26500,26GB,26GB,1Mbps,300분,무제한,기본 제공,
67,LGU,만 19세 ~ 34세 이하,유쓰 5G 다이렉트 34(U+ 닷컴 전용),"약정없이 더 저렴한 요금으로 이용할 수 있는 
청년 전용 U+온라인 전용 요금제",5G,34000,23000,15GB,15GB,400Kbps,300분,무제한,기본 제공,
68,LGU,만 19세 ~ 34세 이하,유쓰 5G 다이렉트 30(U+ 닷컴 전용),"약정없이 더 저렴한 요금으로 이용할 수 있는 
청년 전용 U+온라인 전용 요금제",5G,30000,29000,10GB,10GB,400Kbps,300분,무제한,기본 제공,
69,LGU,만 19세 ~ 34세 이하,유쓰 5G 스탠다드,"일반 5G요금제보다 더 넉넉한 데이터를 
이용할 수 있는 청년 전용 5G요금제",5G,75000,56250,210GB,65GB,5Mbps,300분,무제한,기본 제공," 대한민국 현역 병사라면 누구나 복무 기간 동안 매달 요금을 20% 할인 받을 수 있어요.
 U+모바일tv 기본 월정액 무료(70여 개의 실시간 채널, 영화, 해외시리즈, 애니메이션, 다큐멘터리 등 20만 여 편의 동영상 중 내게 맞는 동영상을 추천해주는 앱 서비스)
 U+멤버십 VIP 등급 혜택(가입 한 달 후 바로 VIP 혜택 이용 가능, 멤버십 기본 혜택 외 무료 영화, 무료 커피 등 원하는 혜택 추가 선택 가능)"
70,LGU,만 19세 ~ 34세 이하,유쓰 5G 스탠다드 에센셜,"일반 5G요금제보다 더 넉넉한 데이터를 
이용할 수 있는 청년 전용 5G요금제",5G,70000,52500,185GB,60GB,5Mbps,300분,무제한,기본 제공," 대한민국 현역 병사라면 누구나 복무 기간 동안 매달 요금을 20% 할인 받을 수 있어요.
 U+모바일tv 기본 월정액 무료(70여 개의 실시간 채널, 영화, 해외시리즈, 애니메이션, 다큐멘터리 등 20만 여 편의 동영상 중 내게 맞는 동영상을 추천해주는 앱 서비스)"
71,LGU,만 19세 ~ 34세 이하,유쓰 5G 데이터 슈퍼,"일반 5G요금제보다 더 넉넉한 데이터를 
이용할 수 있는 청년 전용 5G요금제",5G,68000,51000,135GB,55GB,3Mbps,300분,무제한,기본 제공," 대한민국 현역 병사라면 누구나 복무 기간 동안 매달 요금을 20% 할인 받을 수 있어요.
 U+모바일tv 기본 월정액 무료(70여 개의 실시간 채널, 영화, 해외시리즈, 애니메이션, 다큐멘터리 등 20만 여 편의 동영상 중 내게 맞는 동영상을 추천해주는 앱 서비스)"
72,LGU,만 19세 ~ 34세 이하,유쓰 5G 데이터 플러스,"일반 5G요금제보다 더 넉넉한 데이터를 
이용할 수 있는 청년 전용 5G요금제",5G,66000,49500,110GB,50GB,1Mbps,300분,무제한,기본 제공," 대한민국 현역 병사라면 누구나 복무 기간 동안 매달 요금을 20% 할인 받을 수 있어요.
 U+모바일tv 기본 월정액 무료(70여 개의 실시간 채널, 영화, 해외시리즈, 애니메이션, 다큐멘터리 등 20만 여 편의 동영상 중 내게 맞는 동영상을 추천해주는 앱 서비스)"
73,LGU,만 19세 ~ 34세 이하,유쓰 5G 데이터 레귤러,"일반 5G요금제보다 더 넉넉한 데이터를 
이용할 수 있는 청년 전용 5G요금제",5G,63000,47250,70GB,45GB,1Mbps,300분,무제한,기본 제공," 대한민국 현역 병사라면 누구나 복무 기간 동안 매달 요금을 20% 할인 받을 수 있어요.
 U+모바일tv 기본 월정액 무료(70여 개의 실시간 채널, 영화, 해외시리즈, 애니메이션, 다큐멘터리 등 20만 여 편의 동영상 중 내게 맞는 동영상을 추천해주는 앱 서비스)"
74,LGU,만 19세 ~ 34세 이하,유쓰 5G 심플+,"일반 5G요금제보다 더 넉넉한 데이터를 
이용할 수 있는 청년 전용 5G요금제",5G,61000,45750,41GB,41GB,1Mbps,300분,무제한,기본 제공," 대한민국 현역 병사라면 누구나 복무 기간 동안 매달 요금을 20% 할인 받을 수 있어요.
 U+모바일tv 기본 월정액 무료(70여 개의 실시간 채널, 영화, 해외시리즈, 애니메이션, 다큐멘터리 등 20만 여 편의 동영상 중 내게 맞는 동영상을 추천해주는 앱 서비스)"
75,LGU,만 19세 ~ 34세 이하,유쓰 5G 베이직+,"일반 5G요금제보다 더 넉넉한 데이터를 
이용할 수 있는 청년 전용 5G요금제",5G,59000,44250,36GB,36GB,1Mbps,300분,무제한,기본 제공," 대한민국 현역 병사라면 누구나 복무 기간 동안 매달 요금을 20% 할인 받을 수 있어요.
 U+모바일tv 라이트 무료(70여 개의 실시간 채널, 영화, 해외시리즈, 애니메이션, 다큐멘터리 등 20만 여 편의 동영상 중 내게 맞는 동영상을 추천해주는 앱 서비스)"
76,LGU,만 19세 ~ 34세 이하,유쓰 5G 라이트+,"일반 5G요금제보다 더 넉넉한 데이터를 
이용할 수 있는 청년 전용 5G요금제",5G,55000,41250,26GB,26GB,1Mbps,300분,무제한,기본 제공," 대한민국 현역 병사라면 누구나 복무 기간 동안 매달 요금을 20% 할인 받을 수 있어요.
 U+모바일tv 라이트 무료(70여 개의 실시간 채널, 영화, 해외시리즈, 애니메이션, 다큐멘터리 등 20만 여 편의 동영상 중 내게 맞는 동영상을 추천해주는 앱 서비스)"
77,LGU,만 19세 ~ 34세 이하,유쓰 5G 슬림+,"일반 5G요금제보다 더 넉넉한 데이터를 
이용할 수 있는 청년 전용 5G요금제",5G,47000,35250,15GB,15GB,400Kbps,300분,무제한,기본 제공," 대한민국 현역 병사라면 누구나 복무 기간 동안 매달 요금을 20% 할인 받을 수 있어요.
 U+모바일tv 라이트 무료(70여 개의 실시간 채널, 영화, 해외시리즈, 애니메이션, 다큐멘터리 등 20만 여 편의 동영상 중 내게 맞는 동영상을 추천해주는 앱 서비스)"
78,LGU,만 19세 ~ 34세 이하,유쓰 5G 미니,"일반 5G요금제보다 더 넉넉한 데이터를 
이용할 수 있는 청년 전용 5G요금제",5G,37000,27750,9GB,9GB,400Kbps,300분,무제한,기본 제공," 대한민국 현역 병사라면 누구나 복무 기간 동안 매달 요금을 20% 할인 받을 수 있어요.
 U+모바일tv 라이트 무료(70여 개의 실시간 채널, 영화, 해외시리즈, 애니메이션, 다큐멘터리 등 20만 여 편의 동영상 중 내게 맞는 동영상을 추천해주는 앱 서비스)"
79,LGU,만 65세 이상,추가 요금 걱정 없는 데이터 시니어 69,"추가 요금 걱정없이 동영상, 고용량 콘텐츠까지 
마음껏 이용할 수 있는 시니어 전용 LTE 요금제",5G,69000,51750,매일 5GB(월 제한 없음),"15GB
[참고] 
기본 제공량 내에서 친구나 가족에게 매달 2번 나눠 줄 수 있고, 
가족에게는 추가로 2번 더 줄 수 있어요.
한 번에 최대 1GB 줄 수 있어요.",5Mbps,300분,무제한,기본 제공," 실버지킴이(1시간~3시간마다 문자메시지로 내 위치를 보호자에게 알려주는 서비스)
 U+모바일tv 기본 월정액 무료(70여 개의 실시간 채널, 영화, 해외시리즈, 애니메이션, 다큐멘터리 등 20만 여 편의 동영상 중 내게 맞는 동영상을 추천해주는 앱 서비스)"
80,LGU,만 65세 이상~70세 미만,5G 시니어 A형,"저렴한 요금으로 실속있게 U⁺5G 서비스를 
이용할 수 있는 만 65세 이상~70세 미만 
전용 5G 요금제",5G,45000,33750,10GB,"10GB
[참고] 
기본 제공량 내에서 친구나 가족에게 매달 2번 나눠 줄 수 있고, 
가족에게는 추가로 2번 더 줄 수 있어요.
한 번에 최대 1GB 줄 수 있어요.
남은 데이터가 500MB 이상인 경우메만 줄 수 있어요.",1Mbps,400분,무제한,기본 제공," U+모바일tv 라이트 무료(70여 개의 실시간 채널, 영화, 해외시리즈, 애니메이션, 다큐멘터리 등 20만 여 편의 동영상 중 내게 맞는 동영상을 추천해주는 앱 서비스)"
81,LGU,만 70세 이상~80세 미만,5G 시니어 B형,"저렴한 요금으로 실속있게 U+5G 서비스를 
이용할 수 있는 만 70세 이상~80세 미만 
전용 5G 요금제
",5G,43000,32250,10GB,"10GB
[참고] 
기본 제공량 내에서 친구나 가족에게 매달 2번 나눠 줄 수 있고, 
가족에게는 추가로 2번 더 줄 수 있어요.
한 번에 최대 1GB 줄 수 있어요.
남은 데이터가 500MB 이상인 경우메만 줄 수 있어요.",1Mbps,400분,무제한,기본 제공," U+모바일tv 라이트 무료(70여 개의 실시간 채널, 영화, 해외시리즈, 애니메이션, 다큐멘터리 등 20만 여 편의 동영상 중 내게 맞는 동영상을 추천해주는 앱 서비스)"
82,LGU,만 80세 이상,5G 시니어 C형,"저렴한 요금으로 실속있게 U+5G 서비스를 
이용할 수 있는 만 80세 이상 전용 5G 요금제
",5G,39000,29250,10GB,"10GB
[참고] 
기본 제공량 내에서 친구나 가족에게 매달 2번 나눠 줄 수 있고, 
가족에게는 추가로 2번 더 줄 수 있어요.
한 번에 최대 1GB 줄 수 있어요.
남은 데이터가 500MB 이상인 경우메만 줄 수 있어요.",1Mbps,400분,무제한,기본 제공," U+모바일tv 라이트 무료(70여 개의 실시간 채널, 영화, 해외시리즈, 애니메이션, 다큐멘터리 등 20만 여 편의 동영상 중 내게 맞는 동영상을 추천해주는 앱 서비스)"
83,LGU,만 65세 이상,LTE 데이터 시니어 33,"음성통화와 문자메시지는 기본으로 사용하고 
저렴한 요금으로 데이터를 이용할 수 있는 
실속형 시니어 전용 LTE 요금제",LTE,33000,24750,1.7GB,"1.7GB
[참고] 
1. 기본 제공량 내에서 친구나 가족에게 매달 2번 나눠 줄 수 있고, 
가족에게는 추가로 2번 더 줄 수 있어요.
2. 한 번에 최대 1GB 줄 수 있어요.","데이터 소진 후에는 사용한 만큼 요금을 내야 해요.
[참고]
데이터 추가 사용량이 3GB가 넘으면 더이상 요금을 청구하지 않고 
최대 200Kbps 속도로 데이터를 무제한 이용할 수 있어요.",110분,무제한,기본 제공, 실버지킴이(1시간~3시간마다 문자메시지로 내 위치를 보호자에게 알려주는 서비스)
84,LGU,만 65세 이상,LTE 시니어 16.5 요금제(New 시니어 A),"가족과 통화는 자주 하고 LTE 데이터사용을 
원하는 만 65세 이상 고객님을 위한 LTE 요금제",LTE,16500,12375,300MB,"300MB
[참고] 
기본 제공량 내에서 친구나 가족에게 매달 2번 나눠 줄 수 있고, 
가족에게는 추가로 2번 더 줄 수 있어요.","데이터 소진 후에는 사용한 만큼 요금을 내야 해요.
[참고]
데이터 추가 사용량이 3GB가 넘으면 더이상 요금을 청구하지 않고 
최대 200Kbps 속도로 데이터를 무제한 이용할 수 있어요.",30분,"국내 음성통화 월 70분
지정 번호 음성통화 50분",100건, 실버지킴이(1시간~3시간마다 문자메시지로 내 위치를 보호자에게 알려주는 서비스)
85,KT,만 34세 이하,초이스 프리미엄 Y덤,5G 초이스는 기본 제공되는 ‘초이스 혜택’에 요금제별 ‘플러스 혜택’이 추가 제공되는 KT 전용 요금제 입니다. Y는 데이터가 2배! KT 영타겟 브랜드 Y에서 5G 고객에게 제공하는 특별한 혜택,5G,130000,,무제한,200GB,속도제어 없음,300분,집/이동전화 무제한,기본제공,스마트기기 요금 1회선 무료 또는 데이터쉐어링 1회선 무료
86,KT,만 34세 이하,초이스 스페셜 Y덤,5G 초이스는 기본 제공되는 ‘초이스 혜택’에 요금제별 ‘플러스 혜택’이 추가 제공되는 KT 전용 요금제 입니다. Y는 데이터가 2배! KT 영타겟 브랜드 Y에서 5G 고객에게 제공하는 특별한 혜택,5G,110000,,무제한,140GB,속도제어 없음,300분,집/이동전화 무제한,기본제공,스마트기기 요금 1회선 무료
87,KT,만 34세 이하,초이스 베이직 Y덤,5G 초이스는 기본 제공되는 ‘초이스 혜택’에 요금제별 ‘플러스 혜택’이 추가 제공되는 KT 전용 요금제 입니다. Y는 데이터가 2배! KT 영타겟 브랜드 Y에서 5G 고객에게 제공하는 특별한 혜택,5G,90000,,무제한,80GB,속도제어 없음,300분,집/이동전화 무제한,기본제공,스마트기기 요금 1회선 무료 또는 데이터쉐어링 1회선 무료 중 택1
88,KT,만 34세 이하,심플 110GB Y덤,"나의 데이터 사용량에 맞게 선택하는 실속형 요금제 5G 심플Y, 는 데이터가 2배! KT 영타겟 브랜드 Y에서 5G 고객에게 제공하는 특별한 혜택",5G,69000,,220GB + 5Mbps,40GB,최대 5Mbps,300분,집/이동전화 무제한,기본제공,
89,KT,만 34세 이하,심플 90GB Y덤,"나의 데이터 사용량에 맞게 선택하는 실속형 요금제 5G 심플Y, 는 데이터가 2배! KT 영타겟 브랜드 Y에서 5G 고객에게 제공하는 특별한 혜택",5G,67000,,180GB + 1Mbps,40GB,최대 1Mbps,300분,집/이동전화 무제한,기본제공,
90,KT,만 34세 이하,심플 70GB Y덤,"나의 데이터 사용량에 맞게 선택하는 실속형 요금제 5G 심플Y, 는 데이터가 2배! KT 영타겟 브랜드 Y에서 5G 고객에게 제공하는 특별한 혜택",5G,65000,,140GB + 1Mbps,40GB,최대 1Mbps,300분,집/이동전화 무제한,기본제공,
91,KT,만 34세 이하,심플 50GB Y덤,"나의 데이터 사용량에 맞게 선택하는 실속형 요금제 5G 심플Y, 는 데이터가 2배! KT 영타겟 브랜드 Y에서 5G 고객에게 제공하는 특별한 혜택",5G,63000,,100GB + 1Mbps,40GB,최대 1Mbps,300분,집/이동전화 무제한,기본제공,
92,KT,만 34세 이하,심플 30GB Y덤,"나의 데이터 사용량에 맞게 선택하는 실속형 요금제 5G 심플Y, 는 데이터가 2배! KT 영타겟 브랜드 Y에서 5G 고객에게 제공하는 특별한 혜택",5G,61000,,60GB + 1Mbps,30GB,최대 1Mbps,300분,집/이동전화 무제한,기본제공,
93,KT,만 34세 이하,슬림 21GB Y덤,"5G 데이터를 합리적인 가격으로 사용할 수 있는 5G 슬림, Y는 데이터가 2배! KT 영타겟 브랜드 Y에서 5G 고객에게 제공하는 특별한 혜택",5G,58000,,42GB + 1Mbps,30GB,최대 1Mbps,300분,집/이동전화 무제한,기본제공,
94,KT,만 34세 이하,슬림 10GB Y덤,"5G 데이터를 합리적인 가격으로 사용할 수 있는 5G 슬림, Y는 데이터가 2배! KT 영타겟 브랜드 Y에서 5G 고객에게 제공하는 특별한 혜택",5G,50000,,20GB + 400Kbps,20GB,최대 400Kbps,300분,집/이동전화 무제한,기본제공,
95,KT,만 34세 이하,슬림 7GB Y덤,"5G 데이터를 합리적인 가격으로 사용할 수 있는 5G 슬림, Y는 데이터가 2배! KT 영타겟 브랜드 Y에서 5G 고객에게 제공하는 특별한 혜택",5G,45000,,14GB + 400Kbps,14GB,최대 400Kbps,300분,집/이동전화 무제한,기본제공,
96,KT,만 34세 이하,슬림 4GB Y덤,"5G 데이터를 합리적인 가격으로 사용할 수 있는 5G 슬림, Y는 데이터가 2배! KT 영타겟 브랜드 Y에서 5G 고객에게 제공하는 특별한 혜택",5G,37000,,8GB + 400Kbps,8GB,최대 400Kbps,300분,집/이동전화 무제한,기본제공,
97,KT,만 34세 이하,Y 요고 69,"OTT/스마트기기/멤버십까지! 나에게 딱맞는 가성비 요금제를 선택해 보세요, Y는 데이터가 2배! KT 영타겟 브랜드 Y에서 5G 고객에게 제공하는 특별한 혜택",5G,69000,,무제한,140GB,속도제어 없음,300분,집/이동전화 무제한,기본제공,"초이스 혜택: 티빙 베이직, 유튜브 프리미엄, 디즈니+ 중 택2 / 플러스 혜택: 지니뮤직, 밀리의 서재, 블라이스 셀렉트 중 택1 / 멤버십 혜택: VIP 업그레이드 / 스마트기기 할인: 2회선 무료"
98,KT,만 34세 이하,Y 요고 61,"OTT/스마트기기/멤버십까지! 나에게 딱맞는 가성비 요금제를 선택해 보세요, Y는 데이터가 2배! KT 영타겟 브랜드 Y에서 5G 고객에게 제공하는 특별한 혜택",5G,61000,,무제한,100GB,속도제어 없음,300분,집/이동전화 무제한,기본제공,"초이스 혜택: 티빙 베이직, 유튜브 프리미엄, 디즈니+ 중 택1 / 플러스 혜택: 지니뮤직, 밀리의 서재, 블라이스 셀렉트 중 택1 / 멤버십 혜택: VIP 업그레이드 / 스마트기기 할인: 1회선 무료"
99,KT,만 34세 이하,Y 요고 55,"OTT/스마트기기/멤버십까지! 나에게 딱맞는 가성비 요금제를 선택해 보세요, Y는 데이터가 2배! KT 영타겟 브랜드 Y에서 5G 고객에게 제공하는 특별한 혜택",5G,55000,,400GB + 5Mbps,40GB,최대 5Mbps,300분,집/이동전화 무제한,기본제공,"초이스 혜택: 티빙 베이직 또는 디바이스 Lite 할인 / 플러스 혜택: 지니뮤직, 밀리의 서재, 블라이스 셀렉트 중 택1 / 멤버십 혜택: VIP 업그레이드 / 스마트기기 할인: 1회선 무료"
100,KT,만 34세 이하,Y 요고 49,"OTT/스마트기기/멤버십까지! 나에게 딱맞는 가성비 요금제를 선택해 보세요, Y는 데이터가 2배! KT 영타겟 브랜드 Y에서 5G 고객에게 제공하는 특별한 혜택",5G,49000,,240GB + 5Mbps,40GB,최대 5Mbps,300분,집/이동전화 무제한,기본제공,멤버십 혜택: VIP 업그레이드
101,KT,만 34세 이하,Y 요고 46,"OTT/스마트기기/멤버십까지! 나에게 딱맞는 가성비 요금제를 선택해 보세요, Y는 데이터가 2배! KT 영타겟 브랜드 Y에서 5G 고객에게 제공하는 특별한 혜택",5G,46000,,160GB + 1Mbps,40GB,최대 1Mbps,300분,집/이동전화 무제한,기본제공,멤버십 혜택: VIP 업그레이드
102,KT,만 34세 이하,Y 요고 44,"OTT/스마트기기/멤버십까지! 나에게 딱맞는 가성비 요금제를 선택해 보세요, Y는 데이터가 2배! KT 영타겟 브랜드 Y에서 5G 고객에게 제공하는 특별한 혜택",5G,44000,,80GB + 1Mbps,40GB,최대 1Mbps,300분,집/이동전화 무제한,기본제공,멤버십 혜택: VIP 업그레이드
103,KT,만 34세 이하,Y 요고 42,"OTT/스마트기기/멤버십까지! 나에게 딱맞는 가성비 요금제를 선택해 보세요, Y는 데이터가 2배! KT 영타겟 브랜드 Y에서 5G 고객에게 제공하는 특별한 혜택",5G,42000,,70GB + 1Mbps,35GB,최대 1Mbps,300분,집/이동전화 무제한,기본제공,멤버십 혜택: VIP 업그레이드
104,KT,만 34세 이하,Y 요고 40,"OTT/스마트기기/멤버십까지! 나에게 딱맞는 가성비 요금제를 선택해 보세요, Y는 데이터가 2배! KT 영타겟 브랜드 Y에서 5G 고객에게 제공하는 특별한 혜택",5G,40000,,60GB + 1Mbps,30GB,최대 1Mbps,300분,집/이동전화 무제한,기본제공,초이스 혜택: 티빙 광고형 12개월 / 멤버십 혜택: VIP 업그레이드
105,KT,만 34세 이하,Y 요고 38,"OTT/스마트기기/멤버십까지! 나에게 딱맞는 가성비 요금제를 선택해 보세요, Y는 데이터가 2배! KT 영타겟 브랜드 Y에서 5G 고객에게 제공하는 특별한 혜택",5G,38000,,50GB + 1Mbps,25GB,최대 1Mbps,300분,집/이동전화 무제한,기본제공,
106,KT,만 34세 이하,Y 요고 36,"OTT/스마트기기/멤버십까지! 나에게 딱맞는 가성비 요금제를 선택해 보세요, Y는 데이터가 2배! KT 영타겟 브랜드 Y에서 5G 고객에게 제공하는 특별한 혜택",5G,36000,,40GB + 1Mbps,20GB,최대 1Mbps,300분,집/이동전화 무제한,기본제공,
107,KT,만 34세 이하,Y 요고 34,"OTT/스마트기기/멤버십까지! 나에게 딱맞는 가성비 요금제를 선택해 보세요, Y는 데이터가 2배! KT 영타겟 브랜드 Y에서 5G 고객에게 제공하는 특별한 혜택",5G,34000,,30GB + 400Kbps,15GB,최대 400Kbps,300분,집/이동전화 무제한,기본제공,
108,KT,만 34세 이하,Y 요고 32,"OTT/스마트기기/멤버십까지! 나에게 딱맞는 가성비 요금제를 선택해 보세요, Y는 데이터가 2배! KT 영타겟 브랜드 Y에서 5G 고객에게 제공하는 특별한 혜택",5G,32000,,20GB + 400Kbps,10GB,최대 400Kbps,300분,집/이동전화 무제한,기본제공,
109,KT,만 34세 이하,Y 요고 30,"OTT/스마트기기/멤버십까지! 나에게 딱맞는 가성비 요금제를 선택해 보세요, Y는 데이터가 2배! KT 영타겟 브랜드 Y에서 5G 고객에게 제공하는 특별한 혜택",5G,30000,,10GB + 400Kbps,5GB,최대 400Kbps,300분,집/이동전화 무제한,기본제공,